# 1. Реализовать практические задания на примере других таблиц и запросов.
# 2. Подумать, какие операции являются транзакционными, и написать несколько примеров с транзакционными запросами.

# Логика - найти отдел где больше всего сотрудников. В этом отделе найти сотрудника с самой большой зарплатой. И уволить его (оптимизация расходов фирмы)

BEGIN;
SET @a := (SELECT `depart`.`id` FROM `depart` RIGHT JOIN `shtat` ON `depart`.`id` = `shtat`.`dept`
GROUP BY `depart`.`name` ORDER BY COUNT(*) DESC LIMIT 1);
SET @b := (SELECT MAX(`salary`) FROM `shtat` WHERE `shtat`.`dept` = @a);
SET @c := (SELECT `id` FROM `shtat` WHERE `shtat`.`dept` = @a AND `shtat`.`salary` = @b);
DELETE FROM `shtat` WHERE `shtat`.`id` = @c;
COMMIT;

# 3. Проанализировать несколько запросов с помощью EXPLAIN.

EXPLAIN SELECT MAX(`salary`) FROM `shtat`;
+------+-------------+-------+------+---------------+------+---------+------+------+------------------------------+
| id   | select_type | table | type | possible_keys | key  | key_len | ref  | rows | Extra                        |
+------+-------------+-------+------+---------------+------+---------+------+------+------------------------------+
|    1 | SIMPLE      | NULL  | NULL | NULL          | NULL | NULL    | NULL | NULL | Select tables optimized away |
+------+-------------+-------+------+---------------+------+---------+------+------+------------------------------+
1 row in set (0.000 sec)

EXPLAIN SELECT COUNT(*), `depart`.`name` FROM `shtat` 
LEFT JOIN `depart` ON `shtat`.`dept` = `depart`.`id`
GROUP BY `depart`.`name`;
+------+-------------+--------+--------+---------------+---------+---------+--------------------+------+----------------------------------------------+
| id   | select_type | table  | type   | possible_keys | key     | key_len | ref                | rows | Extra                                        |
+------+-------------+--------+--------+---------------+---------+---------+--------------------+------+----------------------------------------------+
|    1 | SIMPLE      | shtat  | index  | NULL          | dep     | 5       | NULL               |    9 | Using index; Using temporary; Using filesort |
|    1 | SIMPLE      | depart | eq_ref | PRIMARY       | PRIMARY | 4       | lesson3.shtat.dept |    1 | Using where                                  |
+------+-------------+--------+--------+---------------+---------+---------+--------------------+------+----------------------------------------------+
2 rows in set (0.000 sec)

EXPLAIN SELECT AVG(`salary`), `depart`.`name` FROM `shtat` 
LEFT JOIN `depart` ON `shtat`.`dept` = `depart`.`id`
GROUP BY `depart`.`name`;
+------+-------------+--------+--------+---------------+---------+---------+--------------------+------+---------------------------------+
| id   | select_type | table  | type   | possible_keys | key     | key_len | ref                | rows | Extra                           |
+------+-------------+--------+--------+---------------+---------+---------+--------------------+------+---------------------------------+
|    1 | SIMPLE      | shtat  | ALL    | NULL          | NULL    | NULL    | NULL               |    9 | Using temporary; Using filesort |
|    1 | SIMPLE      | depart | eq_ref | PRIMARY       | PRIMARY | 4       | lesson3.shtat.dept |    1 | Using where                     |
+------+-------------+--------+--------+---------------+---------+---------+--------------------+------+---------------------------------+
2 rows in set (0.002 sec)